{
  "rewrites": [
    { "source": "/(.*)", "destination": "/index.html" }
  ],
  "headers": [
    {
      "source": "/(.*)",
      "headers": [
        {
          "key": "X-Content-Type-Options",
          "value": "nosniff"
        },
        {
          "key": "X-Frame-Options",
          "value": "DENY"
        },
        {
          "key": "X-XSS-Protection",
          "value": "1; mode=block"
        },
        {
          "key": "Referrer-Policy",
          "value": "strict-origin-when-cross-origin"
        },
        {
          "key": "Permissions-Policy",
          "value": "camera=(), microphone=(), geolocation=(self)"
        }
      ]
    },
    {
      "source": "/sitemap.xml",
      "headers": [
        { "key": "Content-Type", "value": "application/xml" },
        { "key": "Cache-Control", "value": "public, max-age=86400" }
      ]
    },
    {
      "source": "/robots.txt",
      "headers": [
        { "key": "Content-Type", "value": "text/plain" },
        { "key": "Cache-Control", "value": "public, max-age=86400" }
      ]
    }
  ],
  "redirects": [
    { "source": "/home", "destination": "/", "permanent": true },
    { "source": "/properties-listing", "destination": "/properties", "permanent": true },
    { "source": "/property/:id", "destination": "/properties/single/:id", "permanent": true },
    { "source": "/ai-agent", "destination": "/ai-property-hub", "permanent": true },
    { "source": "/contact-us", "destination": "/contact", "permanent": true },
    { "source": "/about-us", "destination": "/about", "permanent": true }
  ]
}